source_row,code,message,masked_a,masked_b
1,INVALID_FORMATTED_ROW,Готовая строка должна содержать один знак =,,
2,INVALID_FORMATTED_ROW,Готовая строка должна содержать один знак =,,
3,INVALID_FORMATTED_ROW,Готовая строка должна содержать один знак =,,
4,INVALID_FORMATTED_ROW,Готовая строка должна содержать один знак =,,
5,INVALID_FORMATTED_ROW,Готовая строка должна содержать один знак =,,
6,INVALID_FORMATTED_ROW,Готовая строка должна содержать один знак =,,
7,INVALID_FORMATTED_ROW,Готовая строка должна содержать один знак =,,
8,INVALID_FORMATTED_ROW,Готовая строка должна содержать один знак =,,
9,INVALID_FORMATTED_ROW,Готовая строка должна содержать один знак =,,
10,INVALID_FORMATTED_ROW,Готовая строка должна содержать один знак =,,
11,INVALID_FORMATTED_ROW,Готовая строка должна содержать один знак =,,
12,INVALID_FORMATTED_ROW,Готовая строка должна содержать один знак =,,
13,INVALID_FORMATTED_ROW,Готовая строка должна содержать один знак =,,
14,INVALID_FORMATTED_ROW,Готовая строка должна содержать один знак =,,
15,INVALID_FORMATTED_ROW,Готовая строка должна содержать один знак =,,
16,INVALID_FORMATTED_ROW,Готовая строка должна содержать один знак =,,
17,INVALID_FORMATTED_ROW,Готовая строка должна содержать один знак =,,
18,INVALID_FORMATTED_ROW,Готовая строка должна содержать один знак =,,
19,INVALID_FORMATTED_ROW,Готовая строка должна содержать один знак =,,
20,INVALID_FORMATTED_ROW,Готовая строка должна содержать один знак =,,
21,INVALID_FORMATTED_ROW,Готовая строка должна содержать один знак =,,
22,INVALID_FORMATTED_ROW,Готовая строка должна содержать один знак =,,
23,INVALID_FORMATTED_ROW,Готовая строка должна содержать один знак =,,
24,INVALID_FORMATTED_ROW,Готовая строка должна содержать один знак =,,
25,INVALID_FORMATTED_ROW,Готовая строка должна содержать один знак =,,
26,INVALID_FORMATTED_ROW,Готовая строка должна содержать один знак =,,
27,INVALID_FORMATTED_ROW,Готовая строка должна содержать один знак =,,
28,INVALID_FORMATTED_ROW,Готовая строка должна содержать один знак =,,
29,INVALID_FORMATTED_ROW,Готовая строка должна содержать один знак =,,
30,INVALID_FORMATTED_ROW,Готовая строка должна содержать один знак =,,
31,INVALID_FORMATTED_ROW,Готовая строка должна содержать один знак =,,
32,INVALID_FORMATTED_ROW,Готовая строка должна содержать один знак =,,
33,INVALID_FORMATTED_ROW,Готовая строка должна содержать один знак =,,
34,INVALID_FORMATTED_ROW,Готовая строка должна содержать один знак =,,
35,INVALID_FORMATTED_ROW,Готовая строка должна содержать один знак =,,
36,INVALID_FORMATTED_ROW,Готовая строка должна содержать один знак =,,
37,INVALID_FORMATTED_ROW,Готовая строка должна содержать один знак =,,
38,INVALID_FORMATTED_ROW,Готовая строка должна содержать один знак =,,
39,INVALID_FORMATTED_ROW,Готовая строка должна содержать один знак =,,
40,INVALID_FORMATTED_ROW,Готовая строка должна содержать один знак =,,
41,INVALID_FORMATTED_ROW,Готовая строка должна содержать один знак =,,
42,INVALID_FORMATTED_ROW,Готовая строка должна содержать один знак =,,
43,INVALID_FORMATTED_ROW,Готовая строка должна содержать один знак =,,
44,INVALID_FORMATTED_ROW,Готовая строка должна содержать один знак =,,
45,INVALID_FORMATTED_ROW,Готовая строка должна содержать один знак =,,
46,INVALID_FORMATTED_ROW,Готовая строка должна содержать один знак =,,
47,INVALID_FORMATTED_ROW,Готовая строка должна содержать один знак =,,
48,INVALID_FORMATTED_ROW,Готовая строка должна содержать один знак =,,
49,INVALID_FORMATTED_ROW,Готовая строка должна содержать один знак =,,
50,INVALID_FORMATTED_ROW,Готовая строка должна содержать один знак =,,
51,INVALID_FORMATTED_ROW,Готовая строка должна содержать один знак =,,
52,INVALID_FORMATTED_ROW,Готовая строка должна содержать один знак =,,
53,INVALID_FORMATTED_ROW,Готовая строка должна содержать один знак =,,
54,INVALID_FORMATTED_ROW,Готовая строка должна содержать один знак =,,
55,INVALID_FORMATTED_ROW,Готовая строка должна содержать один знак =,,
56,INVALID_FORMATTED_ROW,Готовая строка должна содержать один знак =,,
57,INVALID_FORMATTED_ROW,Готовая строка должна содержать один знак =,,
58,INVALID_FORMATTED_ROW,Готовая строка должна содержать один знак =,,
59,INVALID_FORMATTED_ROW,Готовая строка должна содержать один знак =,,
60,INVALID_FORMATTED_ROW,Готовая строка должна содержать один знак =,,
61,INVALID_FORMATTED_ROW,Готовая строка должна содержать один знак =,,
62,INVALID_FORMATTED_ROW,Готовая строка должна содержать один знак =,,
63,INVALID_FORMATTED_ROW,Готовая строка должна содержать один знак =,,
64,INVALID_FORMATTED_ROW,Готовая строка должна содержать один знак =,,
65,INVALID_FORMATTED_ROW,Готовая строка должна содержать один знак =,,
66,INVALID_FORMATTED_ROW,Готовая строка должна содержать один знак =,,
67,INVALID_FORMATTED_ROW,Готовая строка должна содержать один знак =,,
68,INVALID_FORMATTED_ROW,Готовая строка должна содержать один знак =,,
69,INVALID_FORMATTED_ROW,Готовая строка должна содержать один знак =,,
70,INVALID_FORMATTED_ROW,Готовая строка должна содержать один знак =,,
71,INVALID_FORMATTED_ROW,Готовая строка должна содержать один знак =,,
72,INVALID_FORMATTED_ROW,Готовая строка должна содержать один знак =,,
73,INVALID_FORMATTED_ROW,Готовая строка должна содержать один знак =,,
74,INVALID_FORMATTED_ROW,Готовая строка должна содержать один знак =,,
75,INVALID_FORMATTED_ROW,Готовая строка должна содержать один знак =,,
76,INVALID_FORMATTED_ROW,Готовая строка должна содержать один знак =,,
77,INVALID_FORMATTED_ROW,Готовая строка должна содержать один знак =,,
78,INVALID_FORMATTED_ROW,Готовая строка должна содержать один знак =,,
79,INVALID_FORMATTED_ROW,Готовая строка должна содержать один знак =,,
80,INVALID_FORMATTED_ROW,Готовая строка должна содержать один знак =,,
81,INVALID_FORMATTED_ROW,Готовая строка должна содержать один знак =,,
82,INVALID_FORMATTED_ROW,Готовая строка должна содержать один знак =,,
83,INVALID_FORMATTED_ROW,Готовая строка должна содержать один знак =,,
84,INVALID_FORMATTED_ROW,Готовая строка должна содержать один знак =,,
85,INVALID_FORMATTED_ROW,Готовая строка должна содержать один знак =,,
86,INVALID_FORMATTED_ROW,Готовая строка должна содержать один знак =,,
87,INVALID_FORMATTED_ROW,Готовая строка должна содержать один знак =,,
88,INVALID_FORMATTED_ROW,Готовая строка должна содержать один знак =,,
89,INVALID_FORMATTED_ROW,Готовая строка должна содержать один знак =,,
90,INVALID_FORMATTED_ROW,Готовая строка должна содержать один знак =,,
91,INVALID_FORMATTED_ROW,Готовая строка должна содержать один знак =,,
92,INVALID_FORMATTED_ROW,Готовая строка должна содержать один знак =,,
93,INVALID_FORMATTED_ROW,Готовая строка должна содержать один знак =,,
94,INVALID_FORMATTED_ROW,Готовая строка должна содержать один знак =,,
95,INVALID_FORMATTED_ROW,Готовая строка должна содержать один знак =,,
96,INVALID_FORMATTED_ROW,Готовая строка должна содержать один знак =,,
97,INVALID_FORMATTED_ROW,Готовая строка должна содержать один знак =,,
98,INVALID_FORMATTED_ROW,Готовая строка должна содержать один знак =,,
99,INVALID_FORMATTED_ROW,Готовая строка должна содержать один знак =,,
100,INVALID_FORMATTED_ROW,Готовая строка должна содержать один знак =,,
101,INVALID_FORMATTED_ROW,Готовая строка должна содержать один знак =,,
102,INVALID_FORMATTED_ROW,Готовая строка должна содержать один знак =,,
103,INVALID_FORMATTED_ROW,Готовая строка должна содержать один знак =,,
104,INVALID_FORMATTED_ROW,Готовая строка должна содержать один знак =,,
105,INVALID_FORMATTED_ROW,Готовая строка должна содержать один знак =,,
106,INVALID_FORMATTED_ROW,Готовая строка должна содержать один знак =,,
107,INVALID_FORMATTED_ROW,Готовая строка должна содержать один знак =,,
108,INVALID_FORMATTED_ROW,Готовая строка должна содержать один знак =,,
109,INVALID_FORMATTED_ROW,Готовая строка должна содержать один знак =,,
110,INVALID_FORMATTED_ROW,Готовая строка должна содержать один знак =,,
111,INVALID_FORMATTED_ROW,Готовая строка должна содержать один знак =,,
112,INVALID_FORMATTED_ROW,Готовая строка должна содержать один знак =,,
113,INVALID_FORMATTED_ROW,Готовая строка должна содержать один знак =,,
114,INVALID_FORMATTED_ROW,Готовая строка должна содержать один знак =,,
115,INVALID_FORMATTED_ROW,Готовая строка должна содержать один знак =,,
116,INVALID_FORMATTED_ROW,Готовая строка должна содержать один знак =,,
117,INVALID_FORMATTED_ROW,Готовая строка должна содержать один знак =,,
118,INVALID_FORMATTED_ROW,Готовая строка должна содержать один знак =,,
119,INVALID_FORMATTED_ROW,Готовая строка должна содержать один знак =,,
120,INVALID_FORMATTED_ROW,Готовая строка должна содержать один знак =,,
121,INVALID_FORMATTED_ROW,Готовая строка должна содержать один знак =,,
122,INVALID_FORMATTED_ROW,Готовая строка должна содержать один знак =,,
123,INVALID_FORMATTED_ROW,Готовая строка должна содержать один знак =,,
124,INVALID_FORMATTED_ROW,Готовая строка должна содержать один знак =,,
125,INVALID_FORMATTED_ROW,Готовая строка должна содержать один знак =,,
126,INVALID_FORMATTED_ROW,Готовая строка должна содержать один знак =,,
127,INVALID_FORMATTED_ROW,Готовая строка должна содержать один знак =,,
128,INVALID_FORMATTED_ROW,Готовая строка должна содержать один знак =,,
129,INVALID_FORMATTED_ROW,Готовая строка должна содержать один знак =,,
130,INVALID_FORMATTED_ROW,Готовая строка должна содержать один знак =,,
131,INVALID_FORMATTED_ROW,Готовая строка должна содержать один знак =,,
132,INVALID_FORMATTED_ROW,Готовая строка должна содержать один знак =,,
133,INVALID_FORMATTED_ROW,Готовая строка должна содержать один знак =,,
134,INVALID_FORMATTED_ROW,Готовая строка должна содержать один знак =,,
135,INVALID_FORMATTED_ROW,Готовая строка должна содержать один знак =,,
136,INVALID_FORMATTED_ROW,Готовая строка должна содержать один знак =,,
137,INVALID_FORMATTED_ROW,Готовая строка должна содержать один знак =,,
138,INVALID_FORMATTED_ROW,Готовая строка должна содержать один знак =,,
139,INVALID_FORMATTED_ROW,Готовая строка должна содержать один знак =,,
140,INVALID_FORMATTED_ROW,Готовая строка должна содержать один знак =,,
141,INVALID_FORMATTED_ROW,Готовая строка должна содержать один знак =,,
142,INVALID_FORMATTED_ROW,Готовая строка должна содержать один знак =,,
143,INVALID_FORMATTED_ROW,Готовая строка должна содержать один знак =,,
144,INVALID_FORMATTED_ROW,Готовая строка должна содержать один знак =,,
145,INVALID_FORMATTED_ROW,Готовая строка должна содержать один знак =,,
146,INVALID_FORMATTED_ROW,Готовая строка должна содержать один знак =,,
147,INVALID_FORMATTED_ROW,Готовая строка должна содержать один знак =,,
148,INVALID_FORMATTED_ROW,Готовая строка должна содержать один знак =,,
149,INVALID_FORMATTED_ROW,Готовая строка должна содержать один знак =,,
150,INVALID_FORMATTED_ROW,Готовая строка должна содержать один знак =,,
151,INVALID_FORMATTED_ROW,Готовая строка должна содержать один знак =,,
152,INVALID_FORMATTED_ROW,Готовая строка должна содержать один знак =,,
153,INVALID_FORMATTED_ROW,Готовая строка должна содержать один знак =,,
154,INVALID_FORMATTED_ROW,Готовая строка должна содержать один знак =,,
155,INVALID_FORMATTED_ROW,Готовая строка должна содержать один знак =,,
156,INVALID_FORMATTED_ROW,Готовая строка должна содержать один знак =,,
157,INVALID_FORMATTED_ROW,Готовая строка должна содержать один знак =,,
158,INVALID_FORMATTED_ROW,Готовая строка должна содержать один знак =,,
159,INVALID_FORMATTED_ROW,Готовая строка должна содержать один знак =,,
160,INVALID_FORMATTED_ROW,Готовая строка должна содержать один знак =,,
161,INVALID_FORMATTED_ROW,Готовая строка должна содержать один знак =,,
162,INVALID_FORMATTED_ROW,Готовая строка должна содержать один знак =,,
163,INVALID_FORMATTED_ROW,Готовая строка должна содержать один знак =,,
164,INVALID_FORMATTED_ROW,Готовая строка должна содержать один знак =,,
165,INVALID_FORMATTED_ROW,Готовая строка должна содержать один знак =,,
166,INVALID_FORMATTED_ROW,Готовая строка должна содержать один знак =,,
167,INVALID_FORMATTED_ROW,Готовая строка должна содержать один знак =,,
168,INVALID_FORMATTED_ROW,Готовая строка должна содержать один знак =,,
169,INVALID_FORMATTED_ROW,Готовая строка должна содержать один знак =,,
170,INVALID_FORMATTED_ROW,Готовая строка должна содержать один знак =,,
171,INVALID_FORMATTED_ROW,Готовая строка должна содержать один знак =,,
172,INVALID_FORMATTED_ROW,Готовая строка должна содержать один знак =,,
173,INVALID_FORMATTED_ROW,Готовая строка должна содержать один знак =,,
174,INVALID_FORMATTED_ROW,Готовая строка должна содержать один знак =,,
175,INVALID_FORMATTED_ROW,Готовая строка должна содержать один знак =,,
176,INVALID_FORMATTED_ROW,Готовая строка должна содержать один знак =,,
177,INVALID_FORMATTED_ROW,Готовая строка должна содержать один знак =,,
178,INVALID_FORMATTED_ROW,Готовая строка должна содержать один знак =,,
179,INVALID_FORMATTED_ROW,Готовая строка должна содержать один знак =,,
180,INVALID_FORMATTED_ROW,Готовая строка должна содержать один знак =,,
181,INVALID_FORMATTED_ROW,Готовая строка должна содержать один знак =,,
182,INVALID_FORMATTED_ROW,Готовая строка должна содержать один знак =,,
183,INVALID_FORMATTED_ROW,Готовая строка должна содержать один знак =,,
184,INVALID_FORMATTED_ROW,Готовая строка должна содержать один знак =,,
185,INVALID_FORMATTED_ROW,Готовая строка должна содержать один знак =,,
186,INVALID_FORMATTED_ROW,Готовая строка должна содержать один знак =,,
187,INVALID_FORMATTED_ROW,Готовая строка должна содержать один знак =,,
188,INVALID_FORMATTED_ROW,Готовая строка должна содержать один знак =,,
189,INVALID_FORMATTED_ROW,Готовая строка должна содержать один знак =,,
190,INVALID_FORMATTED_ROW,Готовая строка должна содержать один знак =,,
191,INVALID_FORMATTED_ROW,Готовая строка должна содержать один знак =,,
192,INVALID_FORMATTED_ROW,Готовая строка должна содержать один знак =,,
193,INVALID_FORMATTED_ROW,Готовая строка должна содержать один знак =,,
194,INVALID_FORMATTED_ROW,Готовая строка должна содержать один знак =,,
195,INVALID_FORMATTED_ROW,Готовая строка должна содержать один знак =,,
196,INVALID_FORMATTED_ROW,Готовая строка должна содержать один знак =,,
197,INVALID_FORMATTED_ROW,Готовая строка должна содержать один знак =,,
198,INVALID_FORMATTED_ROW,Готовая строка должна содержать один знак =,,
199,INVALID_FORMATTED_ROW,Готовая строка должна содержать один знак =,,
200,INVALID_FORMATTED_ROW,Готовая строка должна содержать один знак =,,
201,INVALID_FORMATTED_ROW,Готовая строка должна содержать один знак =,,
202,INVALID_FORMATTED_ROW,Готовая строка должна содержать один знак =,,
203,INVALID_FORMATTED_ROW,Готовая строка должна содержать один знак =,,
204,INVALID_FORMATTED_ROW,Готовая строка должна содержать один знак =,,
205,INVALID_FORMATTED_ROW,Готовая строка должна содержать один знак =,,
206,INVALID_FORMATTED_ROW,Готовая строка должна содержать один знак =,,
207,INVALID_FORMATTED_ROW,Готовая строка должна содержать один знак =,,
208,INVALID_FORMATTED_ROW,Готовая строка должна содержать один знак =,,
209,INVALID_FORMATTED_ROW,Готовая строка должна содержать один знак =,,
210,INVALID_FORMATTED_ROW,Готовая строка должна содержать один знак =,,
211,INVALID_FORMATTED_ROW,Готовая строка должна содержать один знак =,,
212,INVALID_FORMATTED_ROW,Готовая строка должна содержать один знак =,,
213,INVALID_FORMATTED_ROW,Готовая строка должна содержать один знак =,,
214,INVALID_FORMATTED_ROW,Готовая строка должна содержать один знак =,,
215,INVALID_FORMATTED_ROW,Готовая строка должна содержать один знак =,,
216,INVALID_FORMATTED_ROW,Готовая строка должна содержать один знак =,,
217,INVALID_FORMATTED_ROW,Готовая строка должна содержать один знак =,,
218,INVALID_FORMATTED_ROW,Готовая строка должна содержать один знак =,,
219,INVALID_FORMATTED_ROW,Готовая строка должна содержать один знак =,,
220,INVALID_FORMATTED_ROW,Готовая строка должна содержать один знак =,,
221,INVALID_FORMATTED_ROW,Готовая строка должна содержать один знак =,,
222,INVALID_FORMATTED_ROW,Готовая строка должна содержать один знак =,,
223,INVALID_FORMATTED_ROW,Готовая строка должна содержать один знак =,,
224,INVALID_FORMATTED_ROW,Готовая строка должна содержать один знак =,,
225,INVALID_FORMATTED_ROW,Готовая строка должна содержать один знак =,,
226,INVALID_FORMATTED_ROW,Готовая строка должна содержать один знак =,,
227,INVALID_FORMATTED_ROW,Готовая строка должна содержать один знак =,,
228,INVALID_FORMATTED_ROW,Готовая строка должна содержать один знак =,,
229,INVALID_FORMATTED_ROW,Готовая строка должна содержать один знак =,,
230,INVALID_FORMATTED_ROW,Готовая строка должна содержать один знак =,,
231,INVALID_FORMATTED_ROW,Готовая строка должна содержать один знак =,,
232,INVALID_FORMATTED_ROW,Готовая строка должна содержать один знак =,,
233,INVALID_FORMATTED_ROW,Готовая строка должна содержать один знак =,,
234,INVALID_FORMATTED_ROW,Готовая строка должна содержать один знак =,,
235,INVALID_FORMATTED_ROW,Готовая строка должна содержать один знак =,,
236,INVALID_FORMATTED_ROW,Готовая строка должна содержать один знак =,,
237,INVALID_FORMATTED_ROW,Готовая строка должна содержать один знак =,,
238,INVALID_FORMATTED_ROW,Готовая строка должна содержать один знак =,,
239,INVALID_FORMATTED_ROW,Готовая строка должна содержать один знак =,,
240,INVALID_FORMATTED_ROW,Готовая строка должна содержать один знак =,,
241,INVALID_FORMATTED_ROW,Готовая строка должна содержать один знак =,,
242,INVALID_FORMATTED_ROW,Готовая строка должна содержать один знак =,,
243,INVALID_FORMATTED_ROW,Готовая строка должна содержать один знак =,,
244,INVALID_FORMATTED_ROW,Готовая строка должна содержать один знак =,,
245,INVALID_FORMATTED_ROW,Готовая строка должна содержать один знак =,,
246,INVALID_FORMATTED_ROW,Готовая строка должна содержать один знак =,,
247,INVALID_FORMATTED_ROW,Готовая строка должна содержать один знак =,,
248,INVALID_FORMATTED_ROW,Готовая строка должна содержать один знак =,,
249,INVALID_FORMATTED_ROW,Готовая строка должна содержать один знак =,,
250,INVALID_FORMATTED_ROW,Готовая строка должна содержать один знак =,,
251,INVALID_FORMATTED_ROW,Готовая строка должна содержать один знак =,,
252,INVALID_FORMATTED_ROW,Готовая строка должна содержать один знак =,,
253,INVALID_FORMATTED_ROW,Готовая строка должна содержать один знак =,,
254,INVALID_FORMATTED_ROW,Готовая строка должна содержать один знак =,,
255,INVALID_FORMATTED_ROW,Готовая строка должна содержать один знак =,,
256,INVALID_FORMATTED_ROW,Готовая строка должна содержать один знак =,,
257,INVALID_FORMATTED_ROW,Готовая строка должна содержать один знак =,,
258,INVALID_FORMATTED_ROW,Готовая строка должна содержать один знак =,,
259,INVALID_FORMATTED_ROW,Готовая строка должна содержать один знак =,,
260,INVALID_FORMATTED_ROW,Готовая строка должна содержать один знак =,,
261,INVALID_FORMATTED_ROW,Готовая строка должна содержать один знак =,,
262,INVALID_FORMATTED_ROW,Готовая строка должна содержать один знак =,,
263,INVALID_FORMATTED_ROW,Готовая строка должна содержать один знак =,,
264,INVALID_FORMATTED_ROW,Готовая строка должна содержать один знак =,,
265,INVALID_FORMATTED_ROW,Готовая строка должна содержать один знак =,,
266,INVALID_FORMATTED_ROW,Готовая строка должна содержать один знак =,,
267,INVALID_FORMATTED_ROW,Готовая строка должна содержать один знак =,,
268,INVALID_FORMATTED_ROW,Готовая строка должна содержать один знак =,,
269,INVALID_FORMATTED_ROW,Готовая строка должна содержать один знак =,,
270,INVALID_FORMATTED_ROW,Готовая строка должна содержать один знак =,,
271,INVALID_FORMATTED_ROW,Готовая строка должна содержать один знак =,,
272,INVALID_FORMATTED_ROW,Готовая строка должна содержать один знак =,,
273,INVALID_FORMATTED_ROW,Готовая строка должна содержать один знак =,,
274,INVALID_FORMATTED_ROW,Готовая строка должна содержать один знак =,,
275,INVALID_FORMATTED_ROW,Готовая строка должна содержать один знак =,,
276,INVALID_FORMATTED_ROW,Готовая строка должна содержать один знак =,,
277,INVALID_FORMATTED_ROW,Готовая строка должна содержать один знак =,,
278,INVALID_FORMATTED_ROW,Готовая строка должна содержать один знак =,,
279,INVALID_FORMATTED_ROW,Готовая строка должна содержать один знак =,,
280,INVALID_FORMATTED_ROW,Готовая строка должна содержать один знак =,,
281,INVALID_FORMATTED_ROW,Готовая строка должна содержать один знак =,,
282,INVALID_FORMATTED_ROW,Готовая строка должна содержать один знак =,,
283,INVALID_FORMATTED_ROW,Готовая строка должна содержать один знак =,,
284,INVALID_FORMATTED_ROW,Готовая строка должна содержать один знак =,,
285,INVALID_FORMATTED_ROW,Готовая строка должна содержать один знак =,,
286,INVALID_FORMATTED_ROW,Готовая строка должна содержать один знак =,,
287,INVALID_FORMATTED_ROW,Готовая строка должна содержать один знак =,,
288,INVALID_FORMATTED_ROW,Готовая строка должна содержать один знак =,,
289,INVALID_FORMATTED_ROW,Готовая строка должна содержать один знак =,,
290,INVALID_FORMATTED_ROW,Готовая строка должна содержать один знак =,,
291,INVALID_FORMATTED_ROW,Готовая строка должна содержать один знак =,,
292,INVALID_FORMATTED_ROW,Готовая строка должна содержать один знак =,,
293,INVALID_FORMATTED_ROW,Готовая строка должна содержать один знак =,,
294,INVALID_FORMATTED_ROW,Готовая строка должна содержать один знак =,,
295,SKIPPED_EMPTY_ROW,Пустая строка пропущена,,
296,SKIPPED_EMPTY_ROW,Пустая строка пропущена,,
297,SKIPPED_EMPTY_ROW,Пустая строка пропущена,,
298,SKIPPED_EMPTY_ROW,Пустая строка пропущена,,
299,SKIPPED_EMPTY_ROW,Пустая строка пропущена,,
300,SKIPPED_EMPTY_ROW,Пустая строка пропущена,,
301,SKIPPED_EMPTY_ROW,Пустая строка пропущена,,
302,SKIPPED_EMPTY_ROW,Пустая строка пропущена,,
303,SKIPPED_EMPTY_ROW,Пустая строка пропущена,,
304,SKIPPED_EMPTY_ROW,Пустая строка пропущена,,
305,SKIPPED_EMPTY_ROW,Пустая строка пропущена,,
306,SKIPPED_EMPTY_ROW,Пустая строка пропущена,,
307,SKIPPED_EMPTY_ROW,Пустая строка пропущена,,
308,SKIPPED_EMPTY_ROW,Пустая строка пропущена,,
309,SKIPPED_EMPTY_ROW,Пустая строка пропущена,,
310,SKIPPED_EMPTY_ROW,Пустая строка пропущена,,
311,SKIPPED_EMPTY_ROW,Пустая строка пропущена,,
312,SKIPPED_EMPTY_ROW,Пустая строка пропущена,,
313,SKIPPED_EMPTY_ROW,Пустая строка пропущена,,
314,SKIPPED_EMPTY_ROW,Пустая строка пропущена,,
315,SKIPPED_EMPTY_ROW,Пустая строка пропущена,,
316,SKIPPED_EMPTY_ROW,Пустая строка пропущена,,
317,SKIPPED_EMPTY_ROW,Пустая строка пропущена,,
318,SKIPPED_EMPTY_ROW,Пустая строка пропущена,,
319,SKIPPED_EMPTY_ROW,Пустая строка пропущена,,
320,SKIPPED_EMPTY_ROW,Пустая строка пропущена,,
321,SKIPPED_EMPTY_ROW,Пустая строка пропущена,,
322,SKIPPED_EMPTY_ROW,Пустая строка пропущена,,
323,SKIPPED_EMPTY_ROW,Пустая строка пропущена,,
324,SKIPPED_EMPTY_ROW,Пустая строка пропущена,,
325,SKIPPED_EMPTY_ROW,Пустая строка пропущена,,
326,SKIPPED_EMPTY_ROW,Пустая строка пропущена,,
327,SKIPPED_EMPTY_ROW,Пустая строка пропущена,,
328,SKIPPED_EMPTY_ROW,Пустая строка пропущена,,
329,SKIPPED_EMPTY_ROW,Пустая строка пропущена,,
330,SKIPPED_EMPTY_ROW,Пустая строка пропущена,,
331,SKIPPED_EMPTY_ROW,Пустая строка пропущена,,
332,SKIPPED_EMPTY_ROW,Пустая строка пропущена,,
333,SKIPPED_EMPTY_ROW,Пустая строка пропущена,,
334,SKIPPED_EMPTY_ROW,Пустая строка пропущена,,
335,SKIPPED_EMPTY_ROW,Пустая строка пропущена,,
336,SKIPPED_EMPTY_ROW,Пустая строка пропущена,,
337,SKIPPED_EMPTY_ROW,Пустая строка пропущена,,
338,SKIPPED_EMPTY_ROW,Пустая строка пропущена,,
339,SKIPPED_EMPTY_ROW,Пустая строка пропущена,,
340,SKIPPED_EMPTY_ROW,Пустая строка пропущена,,
341,SKIPPED_EMPTY_ROW,Пустая строка пропущена,,
342,SKIPPED_EMPTY_ROW,Пустая строка пропущена,,
343,SKIPPED_EMPTY_ROW,Пустая строка пропущена,,
344,SKIPPED_EMPTY_ROW,Пустая строка пропущена,,
345,SKIPPED_EMPTY_ROW,Пустая строка пропущена,,
346,SKIPPED_EMPTY_ROW,Пустая строка пропущена,,
347,SKIPPED_EMPTY_ROW,Пустая строка пропущена,,
348,SKIPPED_EMPTY_ROW,Пустая строка пропущена,,
349,SKIPPED_EMPTY_ROW,Пустая строка пропущена,,
350,SKIPPED_EMPTY_ROW,Пустая строка пропущена,,
351,SKIPPED_EMPTY_ROW,Пустая строка пропущена,,
352,SKIPPED_EMPTY_ROW,Пустая строка пропущена,,
353,SKIPPED_EMPTY_ROW,Пустая строка пропущена,,
354,SKIPPED_EMPTY_ROW,Пустая строка пропущена,,
355,SKIPPED_EMPTY_ROW,Пустая строка пропущена,,
356,SKIPPED_EMPTY_ROW,Пустая строка пропущена,,
357,SKIPPED_EMPTY_ROW,Пустая строка пропущена,,
358,SKIPPED_EMPTY_ROW,Пустая строка пропущена,,
359,SKIPPED_EMPTY_ROW,Пустая строка пропущена,,
360,SKIPPED_EMPTY_ROW,Пустая строка пропущена,,
361,SKIPPED_EMPTY_ROW,Пустая строка пропущена,,
362,SKIPPED_EMPTY_ROW,Пустая строка пропущена,,
363,SKIPPED_EMPTY_ROW,Пустая строка пропущена,,
364,SKIPPED_EMPTY_ROW,Пустая строка пропущена,,
365,SKIPPED_EMPTY_ROW,Пустая строка пропущена,,
366,SKIPPED_EMPTY_ROW,Пустая строка пропущена,,
367,SKIPPED_EMPTY_ROW,Пустая строка пропущена,,
368,SKIPPED_EMPTY_ROW,Пустая строка пропущена,,
369,SKIPPED_EMPTY_ROW,Пустая строка пропущена,,
370,SKIPPED_EMPTY_ROW,Пустая строка пропущена,,
371,SKIPPED_EMPTY_ROW,Пустая строка пропущена,,
372,SKIPPED_EMPTY_ROW,Пустая строка пропущена,,
373,SKIPPED_EMPTY_ROW,Пустая строка пропущена,,
374,SKIPPED_EMPTY_ROW,Пустая строка пропущена,,
375,SKIPPED_EMPTY_ROW,Пустая строка пропущена,,
376,SKIPPED_EMPTY_ROW,Пустая строка пропущена,,
377,SKIPPED_EMPTY_ROW,Пустая строка пропущена,,
378,SKIPPED_EMPTY_ROW,Пустая строка пропущена,,
379,SKIPPED_EMPTY_ROW,Пустая строка пропущена,,
380,SKIPPED_EMPTY_ROW,Пустая строка пропущена,,
381,SKIPPED_EMPTY_ROW,Пустая строка пропущена,,
382,SKIPPED_EMPTY_ROW,Пустая строка пропущена,,
383,SKIPPED_EMPTY_ROW,Пустая строка пропущена,,
384,SKIPPED_EMPTY_ROW,Пустая строка пропущена,,
385,SKIPPED_EMPTY_ROW,Пустая строка пропущена,,
386,SKIPPED_EMPTY_ROW,Пустая строка пропущена,,
387,SKIPPED_EMPTY_ROW,Пустая строка пропущена,,
388,SKIPPED_EMPTY_ROW,Пустая строка пропущена,,
389,SKIPPED_EMPTY_ROW,Пустая строка пропущена,,
390,SKIPPED_EMPTY_ROW,Пустая строка пропущена,,
391,SKIPPED_EMPTY_ROW,Пустая строка пропущена,,
392,SKIPPED_EMPTY_ROW,Пустая строка пропущена,,
393,SKIPPED_EMPTY_ROW,Пустая строка пропущена,,
394,SKIPPED_EMPTY_ROW,Пустая строка пропущена,,
395,SKIPPED_EMPTY_ROW,Пустая строка пропущена,,
396,SKIPPED_EMPTY_ROW,Пустая строка пропущена,,
397,SKIPPED_EMPTY_ROW,Пустая строка пропущена,,
398,SKIPPED_EMPTY_ROW,Пустая строка пропущена,,
399,SKIPPED_EMPTY_ROW,Пустая строка пропущена,,
400,SKIPPED_EMPTY_ROW,Пустая строка пропущена,,
401,SKIPPED_EMPTY_ROW,Пустая строка пропущена,,
402,SKIPPED_EMPTY_ROW,Пустая строка пропущена,,
403,SKIPPED_EMPTY_ROW,Пустая строка пропущена,,
404,SKIPPED_EMPTY_ROW,Пустая строка пропущена,,
405,SKIPPED_EMPTY_ROW,Пустая строка пропущена,,
406,SKIPPED_EMPTY_ROW,Пустая строка пропущена,,
407,SKIPPED_EMPTY_ROW,Пустая строка пропущена,,
408,SKIPPED_EMPTY_ROW,Пустая строка пропущена,,
409,SKIPPED_EMPTY_ROW,Пустая строка пропущена,,
410,SKIPPED_EMPTY_ROW,Пустая строка пропущена,,
411,SKIPPED_EMPTY_ROW,Пустая строка пропущена,,
412,SKIPPED_EMPTY_ROW,Пустая строка пропущена,,
413,SKIPPED_EMPTY_ROW,Пустая строка пропущена,,
414,SKIPPED_EMPTY_ROW,Пустая строка пропущена,,
415,SKIPPED_EMPTY_ROW,Пустая строка пропущена,,
416,SKIPPED_EMPTY_ROW,Пустая строка пропущена,,
417,SKIPPED_EMPTY_ROW,Пустая строка пропущена,,
418,SKIPPED_EMPTY_ROW,Пустая строка пропущена,,
419,SKIPPED_EMPTY_ROW,Пустая строка пропущена,,
420,SKIPPED_EMPTY_ROW,Пустая строка пропущена,,
421,SKIPPED_EMPTY_ROW,Пустая строка пропущена,,
422,SKIPPED_EMPTY_ROW,Пустая строка пропущена,,
423,SKIPPED_EMPTY_ROW,Пустая строка пропущена,,
424,SKIPPED_EMPTY_ROW,Пустая строка пропущена,,
425,SKIPPED_EMPTY_ROW,Пустая строка пропущена,,
426,SKIPPED_EMPTY_ROW,Пустая строка пропущена,,
427,SKIPPED_EMPTY_ROW,Пустая строка пропущена,,
428,SKIPPED_EMPTY_ROW,Пустая строка пропущена,,
429,SKIPPED_EMPTY_ROW,Пустая строка пропущена,,
430,SKIPPED_EMPTY_ROW,Пустая строка пропущена,,
431,SKIPPED_EMPTY_ROW,Пустая строка пропущена,,
432,SKIPPED_EMPTY_ROW,Пустая строка пропущена,,
433,SKIPPED_EMPTY_ROW,Пустая строка пропущена,,
434,SKIPPED_EMPTY_ROW,Пустая строка пропущена,,
435,SKIPPED_EMPTY_ROW,Пустая строка пропущена,,
436,SKIPPED_EMPTY_ROW,Пустая строка пропущена,,
437,SKIPPED_EMPTY_ROW,Пустая строка пропущена,,
438,SKIPPED_EMPTY_ROW,Пустая строка пропущена,,
439,SKIPPED_EMPTY_ROW,Пустая строка пропущена,,
440,SKIPPED_EMPTY_ROW,Пустая строка пропущена,,
441,SKIPPED_EMPTY_ROW,Пустая строка пропущена,,
442,SKIPPED_EMPTY_ROW,Пустая строка пропущена,,
443,SKIPPED_EMPTY_ROW,Пустая строка пропущена,,
444,SKIPPED_EMPTY_ROW,Пустая строка пропущена,,
445,SKIPPED_EMPTY_ROW,Пустая строка пропущена,,
446,SKIPPED_EMPTY_ROW,Пустая строка пропущена,,
447,SKIPPED_EMPTY_ROW,Пустая строка пропущена,,
448,SKIPPED_EMPTY_ROW,Пустая строка пропущена,,
449,SKIPPED_EMPTY_ROW,Пустая строка пропущена,,
450,SKIPPED_EMPTY_ROW,Пустая строка пропущена,,
451,SKIPPED_EMPTY_ROW,Пустая строка пропущена,,
452,SKIPPED_EMPTY_ROW,Пустая строка пропущена,,
453,SKIPPED_EMPTY_ROW,Пустая строка пропущена,,
454,SKIPPED_EMPTY_ROW,Пустая строка пропущена,,
455,SKIPPED_EMPTY_ROW,Пустая строка пропущена,,
456,SKIPPED_EMPTY_ROW,Пустая строка пропущена,,
457,SKIPPED_EMPTY_ROW,Пустая строка пропущена,,
458,SKIPPED_EMPTY_ROW,Пустая строка пропущена,,
459,SKIPPED_EMPTY_ROW,Пустая строка пропущена,,
460,SKIPPED_EMPTY_ROW,Пустая строка пропущена,,
461,SKIPPED_EMPTY_ROW,Пустая строка пропущена,,
462,SKIPPED_EMPTY_ROW,Пустая строка пропущена,,
463,SKIPPED_EMPTY_ROW,Пустая строка пропущена,,
464,SKIPPED_EMPTY_ROW,Пустая строка пропущена,,
465,SKIPPED_EMPTY_ROW,Пустая строка пропущена,,
466,SKIPPED_EMPTY_ROW,Пустая строка пропущена,,
467,SKIPPED_EMPTY_ROW,Пустая строка пропущена,,
468,SKIPPED_EMPTY_ROW,Пустая строка пропущена,,
469,SKIPPED_EMPTY_ROW,Пустая строка пропущена,,
470,SKIPPED_EMPTY_ROW,Пустая строка пропущена,,
471,SKIPPED_EMPTY_ROW,Пустая строка пропущена,,
472,SKIPPED_EMPTY_ROW,Пустая строка пропущена,,
473,SKIPPED_EMPTY_ROW,Пустая строка пропущена,,
474,SKIPPED_EMPTY_ROW,Пустая строка пропущена,,
475,SKIPPED_EMPTY_ROW,Пустая строка пропущена,,
476,SKIPPED_EMPTY_ROW,Пустая строка пропущена,,
477,SKIPPED_EMPTY_ROW,Пустая строка пропущена,,
478,SKIPPED_EMPTY_ROW,Пустая строка пропущена,,
479,SKIPPED_EMPTY_ROW,Пустая строка пропущена,,
480,SKIPPED_EMPTY_ROW,Пустая строка пропущена,,
481,SKIPPED_EMPTY_ROW,Пустая строка пропущена,,
482,SKIPPED_EMPTY_ROW,Пустая строка пропущена,,
483,SKIPPED_EMPTY_ROW,Пустая строка пропущена,,
484,SKIPPED_EMPTY_ROW,Пустая строка пропущена,,
485,SKIPPED_EMPTY_ROW,Пустая строка пропущена,,
486,SKIPPED_EMPTY_ROW,Пустая строка пропущена,,
487,SKIPPED_EMPTY_ROW,Пустая строка пропущена,,
488,SKIPPED_EMPTY_ROW,Пустая строка пропущена,,
489,SKIPPED_EMPTY_ROW,Пустая строка пропущена,,
490,SKIPPED_EMPTY_ROW,Пустая строка пропущена,,
491,SKIPPED_EMPTY_ROW,Пустая строка пропущена,,
492,SKIPPED_EMPTY_ROW,Пустая строка пропущена,,
493,SKIPPED_EMPTY_ROW,Пустая строка пропущена,,
494,SKIPPED_EMPTY_ROW,Пустая строка пропущена,,
495,SKIPPED_EMPTY_ROW,Пустая строка пропущена,,
496,SKIPPED_EMPTY_ROW,Пустая строка пропущена,,
497,SKIPPED_EMPTY_ROW,Пустая строка пропущена,,
498,SKIPPED_EMPTY_ROW,Пустая строка пропущена,,
499,SKIPPED_EMPTY_ROW,Пустая строка пропущена,,
500,SKIPPED_EMPTY_ROW,Пустая строка пропущена,,
501,SKIPPED_EMPTY_ROW,Пустая строка пропущена,,
502,SKIPPED_EMPTY_ROW,Пустая строка пропущена,,
503,SKIPPED_EMPTY_ROW,Пустая строка пропущена,,
504,SKIPPED_EMPTY_ROW,Пустая строка пропущена,,
505,SKIPPED_EMPTY_ROW,Пустая строка пропущена,,
506,SKIPPED_EMPTY_ROW,Пустая строка пропущена,,
507,SKIPPED_EMPTY_ROW,Пустая строка пропущена,,
508,SKIPPED_EMPTY_ROW,Пустая строка пропущена,,
509,SKIPPED_EMPTY_ROW,Пустая строка пропущена,,
510,SKIPPED_EMPTY_ROW,Пустая строка пропущена,,
511,SKIPPED_EMPTY_ROW,Пустая строка пропущена,,
512,SKIPPED_EMPTY_ROW,Пустая строка пропущена,,
513,SKIPPED_EMPTY_ROW,Пустая строка пропущена,,
514,SKIPPED_EMPTY_ROW,Пустая строка пропущена,,
515,SKIPPED_EMPTY_ROW,Пустая строка пропущена,,
516,SKIPPED_EMPTY_ROW,Пустая строка пропущена,,
517,SKIPPED_EMPTY_ROW,Пустая строка пропущена,,
518,SKIPPED_EMPTY_ROW,Пустая строка пропущена,,
519,SKIPPED_EMPTY_ROW,Пустая строка пропущена,,
520,SKIPPED_EMPTY_ROW,Пустая строка пропущена,,
521,SKIPPED_EMPTY_ROW,Пустая строка пропущена,,
522,SKIPPED_EMPTY_ROW,Пустая строка пропущена,,
523,SKIPPED_EMPTY_ROW,Пустая строка пропущена,,
524,SKIPPED_EMPTY_ROW,Пустая строка пропущена,,
525,SKIPPED_EMPTY_ROW,Пустая строка пропущена,,
526,SKIPPED_EMPTY_ROW,Пустая строка пропущена,,
527,SKIPPED_EMPTY_ROW,Пустая строка пропущена,,
528,SKIPPED_EMPTY_ROW,Пустая строка пропущена,,
529,SKIPPED_EMPTY_ROW,Пустая строка пропущена,,
530,SKIPPED_EMPTY_ROW,Пустая строка пропущена,,
531,SKIPPED_EMPTY_ROW,Пустая строка пропущена,,
532,SKIPPED_EMPTY_ROW,Пустая строка пропущена,,
533,SKIPPED_EMPTY_ROW,Пустая строка пропущена,,
534,SKIPPED_EMPTY_ROW,Пустая строка пропущена,,
535,SKIPPED_EMPTY_ROW,Пустая строка пропущена,,
536,SKIPPED_EMPTY_ROW,Пустая строка пропущена,,
537,SKIPPED_EMPTY_ROW,Пустая строка пропущена,,
538,SKIPPED_EMPTY_ROW,Пустая строка пропущена,,
539,SKIPPED_EMPTY_ROW,Пустая строка пропущена,,
540,SKIPPED_EMPTY_ROW,Пустая строка пропущена,,
541,SKIPPED_EMPTY_ROW,Пустая строка пропущена,,
542,SKIPPED_EMPTY_ROW,Пустая строка пропущена,,
543,SKIPPED_EMPTY_ROW,Пустая строка пропущена,,
544,SKIPPED_EMPTY_ROW,Пустая строка пропущена,,
545,SKIPPED_EMPTY_ROW,Пустая строка пропущена,,
546,SKIPPED_EMPTY_ROW,Пустая строка пропущена,,
547,SKIPPED_EMPTY_ROW,Пустая строка пропущена,,
548,SKIPPED_EMPTY_ROW,Пустая строка пропущена,,
549,SKIPPED_EMPTY_ROW,Пустая строка пропущена,,
550,SKIPPED_EMPTY_ROW,Пустая строка пропущена,,
551,SKIPPED_EMPTY_ROW,Пустая строка пропущена,,
552,SKIPPED_EMPTY_ROW,Пустая строка пропущена,,
553,SKIPPED_EMPTY_ROW,Пустая строка пропущена,,
554,SKIPPED_EMPTY_ROW,Пустая строка пропущена,,
555,SKIPPED_EMPTY_ROW,Пустая строка пропущена,,
556,SKIPPED_EMPTY_ROW,Пустая строка пропущена,,
557,SKIPPED_EMPTY_ROW,Пустая строка пропущена,,
558,SKIPPED_EMPTY_ROW,Пустая строка пропущена,,
559,SKIPPED_EMPTY_ROW,Пустая строка пропущена,,
560,SKIPPED_EMPTY_ROW,Пустая строка пропущена,,
561,SKIPPED_EMPTY_ROW,Пустая строка пропущена,,
562,SKIPPED_EMPTY_ROW,Пустая строка пропущена,,
563,SKIPPED_EMPTY_ROW,Пустая строка пропущена,,
564,SKIPPED_EMPTY_ROW,Пустая строка пропущена,,
565,SKIPPED_EMPTY_ROW,Пустая строка пропущена,,
566,SKIPPED_EMPTY_ROW,Пустая строка пропущена,,
567,SKIPPED_EMPTY_ROW,Пустая строка пропущена,,
568,SKIPPED_EMPTY_ROW,Пустая строка пропущена,,
569,SKIPPED_EMPTY_ROW,Пустая строка пропущена,,
570,SKIPPED_EMPTY_ROW,Пустая строка пропущена,,
571,SKIPPED_EMPTY_ROW,Пустая строка пропущена,,
572,SKIPPED_EMPTY_ROW,Пустая строка пропущена,,
573,SKIPPED_EMPTY_ROW,Пустая строка пропущена,,
574,SKIPPED_EMPTY_ROW,Пустая строка пропущена,,
575,SKIPPED_EMPTY_ROW,Пустая строка пропущена,,
576,SKIPPED_EMPTY_ROW,Пустая строка пропущена,,
577,SKIPPED_EMPTY_ROW,Пустая строка пропущена,,
578,SKIPPED_EMPTY_ROW,Пустая строка пропущена,,
579,SKIPPED_EMPTY_ROW,Пустая строка пропущена,,
580,SKIPPED_EMPTY_ROW,Пустая строка пропущена,,
581,SKIPPED_EMPTY_ROW,Пустая строка пропущена,,
582,SKIPPED_EMPTY_ROW,Пустая строка пропущена,,
583,SKIPPED_EMPTY_ROW,Пустая строка пропущена,,
584,SKIPPED_EMPTY_ROW,Пустая строка пропущена,,
585,SKIPPED_EMPTY_ROW,Пустая строка пропущена,,
586,SKIPPED_EMPTY_ROW,Пустая строка пропущена,,
587,SKIPPED_EMPTY_ROW,Пустая строка пропущена,,
588,SKIPPED_EMPTY_ROW,Пустая строка пропущена,,
589,SKIPPED_EMPTY_ROW,Пустая строка пропущена,,
590,SKIPPED_EMPTY_ROW,Пустая строка пропущена,,
591,SKIPPED_EMPTY_ROW,Пустая строка пропущена,,
592,SKIPPED_EMPTY_ROW,Пустая строка пропущена,,
593,SKIPPED_EMPTY_ROW,Пустая строка пропущена,,
594,SKIPPED_EMPTY_ROW,Пустая строка пропущена,,
595,SKIPPED_EMPTY_ROW,Пустая строка пропущена,,
596,SKIPPED_EMPTY_ROW,Пустая строка пропущена,,
597,SKIPPED_EMPTY_ROW,Пустая строка пропущена,,
598,SKIPPED_EMPTY_ROW,Пустая строка пропущена,,
599,SKIPPED_EMPTY_ROW,Пустая строка пропущена,,
600,SKIPPED_EMPTY_ROW,Пустая строка пропущена,,
601,SKIPPED_EMPTY_ROW,Пустая строка пропущена,,
602,SKIPPED_EMPTY_ROW,Пустая строка пропущена,,
603,SKIPPED_EMPTY_ROW,Пустая строка пропущена,,
604,SKIPPED_EMPTY_ROW,Пустая строка пропущена,,
605,SKIPPED_EMPTY_ROW,Пустая строка пропущена,,
606,SKIPPED_EMPTY_ROW,Пустая строка пропущена,,
607,SKIPPED_EMPTY_ROW,Пустая строка пропущена,,
608,SKIPPED_EMPTY_ROW,Пустая строка пропущена,,
609,SKIPPED_EMPTY_ROW,Пустая строка пропущена,,
610,SKIPPED_EMPTY_ROW,Пустая строка пропущена,,
611,SKIPPED_EMPTY_ROW,Пустая строка пропущена,,
612,SKIPPED_EMPTY_ROW,Пустая строка пропущена,,
613,SKIPPED_EMPTY_ROW,Пустая строка пропущена,,
614,SKIPPED_EMPTY_ROW,Пустая строка пропущена,,
615,SKIPPED_EMPTY_ROW,Пустая строка пропущена,,
616,SKIPPED_EMPTY_ROW,Пустая строка пропущена,,
617,SKIPPED_EMPTY_ROW,Пустая строка пропущена,,
618,SKIPPED_EMPTY_ROW,Пустая строка пропущена,,
619,SKIPPED_EMPTY_ROW,Пустая строка пропущена,,
620,SKIPPED_EMPTY_ROW,Пустая строка пропущена,,
621,SKIPPED_EMPTY_ROW,Пустая строка пропущена,,
622,SKIPPED_EMPTY_ROW,Пустая строка пропущена,,
623,SKIPPED_EMPTY_ROW,Пустая строка пропущена,,
624,SKIPPED_EMPTY_ROW,Пустая строка пропущена,,
625,SKIPPED_EMPTY_ROW,Пустая строка пропущена,,
626,SKIPPED_EMPTY_ROW,Пустая строка пропущена,,
627,SKIPPED_EMPTY_ROW,Пустая строка пропущена,,
628,SKIPPED_EMPTY_ROW,Пустая строка пропущена,,
629,SKIPPED_EMPTY_ROW,Пустая строка пропущена,,
630,SKIPPED_EMPTY_ROW,Пустая строка пропущена,,
631,SKIPPED_EMPTY_ROW,Пустая строка пропущена,,
632,SKIPPED_EMPTY_ROW,Пустая строка пропущена,,
633,SKIPPED_EMPTY_ROW,Пустая строка пропущена,,
634,SKIPPED_EMPTY_ROW,Пустая строка пропущена,,
635,SKIPPED_EMPTY_ROW,Пустая строка пропущена,,
636,SKIPPED_EMPTY_ROW,Пустая строка пропущена,,
637,SKIPPED_EMPTY_ROW,Пустая строка пропущена,,
638,SKIPPED_EMPTY_ROW,Пустая строка пропущена,,
639,SKIPPED_EMPTY_ROW,Пустая строка пропущена,,
640,SKIPPED_EMPTY_ROW,Пустая строка пропущена,,
641,SKIPPED_EMPTY_ROW,Пустая строка пропущена,,
642,SKIPPED_EMPTY_ROW,Пустая строка пропущена,,
643,SKIPPED_EMPTY_ROW,Пустая строка пропущена,,
644,SKIPPED_EMPTY_ROW,Пустая строка пропущена,,
645,SKIPPED_EMPTY_ROW,Пустая строка пропущена,,
646,SKIPPED_EMPTY_ROW,Пустая строка пропущена,,
647,SKIPPED_EMPTY_ROW,Пустая строка пропущена,,
648,SKIPPED_EMPTY_ROW,Пустая строка пропущена,,
649,SKIPPED_EMPTY_ROW,Пустая строка пропущена,,
650,SKIPPED_EMPTY_ROW,Пустая строка пропущена,,
651,SKIPPED_EMPTY_ROW,Пустая строка пропущена,,
652,SKIPPED_EMPTY_ROW,Пустая строка пропущена,,
653,SKIPPED_EMPTY_ROW,Пустая строка пропущена,,
654,SKIPPED_EMPTY_ROW,Пустая строка пропущена,,
655,SKIPPED_EMPTY_ROW,Пустая строка пропущена,,
656,SKIPPED_EMPTY_ROW,Пустая строка пропущена,,
657,SKIPPED_EMPTY_ROW,Пустая строка пропущена,,
658,SKIPPED_EMPTY_ROW,Пустая строка пропущена,,
659,SKIPPED_EMPTY_ROW,Пустая строка пропущена,,
660,SKIPPED_EMPTY_ROW,Пустая строка пропущена,,
661,SKIPPED_EMPTY_ROW,Пустая строка пропущена,,
662,SKIPPED_EMPTY_ROW,Пустая строка пропущена,,
663,SKIPPED_EMPTY_ROW,Пустая строка пропущена,,
664,SKIPPED_EMPTY_ROW,Пустая строка пропущена,,
665,SKIPPED_EMPTY_ROW,Пустая строка пропущена,,
666,SKIPPED_EMPTY_ROW,Пустая строка пропущена,,
667,SKIPPED_EMPTY_ROW,Пустая строка пропущена,,
668,SKIPPED_EMPTY_ROW,Пустая строка пропущена,,
669,SKIPPED_EMPTY_ROW,Пустая строка пропущена,,
670,SKIPPED_EMPTY_ROW,Пустая строка пропущена,,
671,SKIPPED_EMPTY_ROW,Пустая строка пропущена,,
672,SKIPPED_EMPTY_ROW,Пустая строка пропущена,,
673,SKIPPED_EMPTY_ROW,Пустая строка пропущена,,
674,SKIPPED_EMPTY_ROW,Пустая строка пропущена,,
675,SKIPPED_EMPTY_ROW,Пустая строка пропущена,,
676,SKIPPED_EMPTY_ROW,Пустая строка пропущена,,
677,SKIPPED_EMPTY_ROW,Пустая строка пропущена,,
678,SKIPPED_EMPTY_ROW,Пустая строка пропущена,,
679,SKIPPED_EMPTY_ROW,Пустая строка пропущена,,
680,SKIPPED_EMPTY_ROW,Пустая строка пропущена,,
681,SKIPPED_EMPTY_ROW,Пустая строка пропущена,,
682,SKIPPED_EMPTY_ROW,Пустая строка пропущена,,
683,SKIPPED_EMPTY_ROW,Пустая строка пропущена,,
684,SKIPPED_EMPTY_ROW,Пустая строка пропущена,,
685,SKIPPED_EMPTY_ROW,Пустая строка пропущена,,
686,SKIPPED_EMPTY_ROW,Пустая строка пропущена,,
687,SKIPPED_EMPTY_ROW,Пустая строка пропущена,,
688,SKIPPED_EMPTY_ROW,Пустая строка пропущена,,
689,SKIPPED_EMPTY_ROW,Пустая строка пропущена,,
690,SKIPPED_EMPTY_ROW,Пустая строка пропущена,,
691,SKIPPED_EMPTY_ROW,Пустая строка пропущена,,
692,SKIPPED_EMPTY_ROW,Пустая строка пропущена,,
693,SKIPPED_EMPTY_ROW,Пустая строка пропущена,,
694,SKIPPED_EMPTY_ROW,Пустая строка пропущена,,
695,SKIPPED_EMPTY_ROW,Пустая строка пропущена,,
696,SKIPPED_EMPTY_ROW,Пустая строка пропущена,,
697,SKIPPED_EMPTY_ROW,Пустая строка пропущена,,
698,SKIPPED_EMPTY_ROW,Пустая строка пропущена,,
699,SKIPPED_EMPTY_ROW,Пустая строка пропущена,,
700,SKIPPED_EMPTY_ROW,Пустая строка пропущена,,
701,SKIPPED_EMPTY_ROW,Пустая строка пропущена,,
702,SKIPPED_EMPTY_ROW,Пустая строка пропущена,,
703,SKIPPED_EMPTY_ROW,Пустая строка пропущена,,
704,SKIPPED_EMPTY_ROW,Пустая строка пропущена,,
705,SKIPPED_EMPTY_ROW,Пустая строка пропущена,,
706,SKIPPED_EMPTY_ROW,Пустая строка пропущена,,
707,SKIPPED_EMPTY_ROW,Пустая строка пропущена,,
708,SKIPPED_EMPTY_ROW,Пустая строка пропущена,,
709,SKIPPED_EMPTY_ROW,Пустая строка пропущена,,
710,SKIPPED_EMPTY_ROW,Пустая строка пропущена,,
711,SKIPPED_EMPTY_ROW,Пустая строка пропущена,,
712,SKIPPED_EMPTY_ROW,Пустая строка пропущена,,
713,SKIPPED_EMPTY_ROW,Пустая строка пропущена,,
714,SKIPPED_EMPTY_ROW,Пустая строка пропущена,,
715,SKIPPED_EMPTY_ROW,Пустая строка пропущена,,
716,SKIPPED_EMPTY_ROW,Пустая строка пропущена,,
717,SKIPPED_EMPTY_ROW,Пустая строка пропущена,,
718,SKIPPED_EMPTY_ROW,Пустая строка пропущена,,
719,SKIPPED_EMPTY_ROW,Пустая строка пропущена,,
720,SKIPPED_EMPTY_ROW,Пустая строка пропущена,,
721,SKIPPED_EMPTY_ROW,Пустая строка пропущена,,
722,SKIPPED_EMPTY_ROW,Пустая строка пропущена,,
723,SKIPPED_EMPTY_ROW,Пустая строка пропущена,,
724,SKIPPED_EMPTY_ROW,Пустая строка пропущена,,
725,SKIPPED_EMPTY_ROW,Пустая строка пропущена,,
726,SKIPPED_EMPTY_ROW,Пустая строка пропущена,,
727,SKIPPED_EMPTY_ROW,Пустая строка пропущена,,
728,SKIPPED_EMPTY_ROW,Пустая строка пропущена,,
729,SKIPPED_EMPTY_ROW,Пустая строка пропущена,,
730,SKIPPED_EMPTY_ROW,Пустая строка пропущена,,
731,SKIPPED_EMPTY_ROW,Пустая строка пропущена,,
732,SKIPPED_EMPTY_ROW,Пустая строка пропущена,,
733,SKIPPED_EMPTY_ROW,Пустая строка пропущена,,
734,SKIPPED_EMPTY_ROW,Пустая строка пропущена,,
735,SKIPPED_EMPTY_ROW,Пустая строка пропущена,,
736,SKIPPED_EMPTY_ROW,Пустая строка пропущена,,
737,SKIPPED_EMPTY_ROW,Пустая строка пропущена,,
738,SKIPPED_EMPTY_ROW,Пустая строка пропущена,,
739,SKIPPED_EMPTY_ROW,Пустая строка пропущена,,
740,SKIPPED_EMPTY_ROW,Пустая строка пропущена,,
741,SKIPPED_EMPTY_ROW,Пустая строка пропущена,,
742,SKIPPED_EMPTY_ROW,Пустая строка пропущена,,
743,SKIPPED_EMPTY_ROW,Пустая строка пропущена,,
744,SKIPPED_EMPTY_ROW,Пустая строка пропущена,,
745,SKIPPED_EMPTY_ROW,Пустая строка пропущена,,
746,SKIPPED_EMPTY_ROW,Пустая строка пропущена,,
747,SKIPPED_EMPTY_ROW,Пустая строка пропущена,,
748,SKIPPED_EMPTY_ROW,Пустая строка пропущена,,
749,SKIPPED_EMPTY_ROW,Пустая строка пропущена,,
750,SKIPPED_EMPTY_ROW,Пустая строка пропущена,,
751,SKIPPED_EMPTY_ROW,Пустая строка пропущена,,
752,SKIPPED_EMPTY_ROW,Пустая строка пропущена,,
753,SKIPPED_EMPTY_ROW,Пустая строка пропущена,,
754,SKIPPED_EMPTY_ROW,Пустая строка пропущена,,
755,SKIPPED_EMPTY_ROW,Пустая строка пропущена,,
756,SKIPPED_EMPTY_ROW,Пустая строка пропущена,,
757,SKIPPED_EMPTY_ROW,Пустая строка пропущена,,
758,SKIPPED_EMPTY_ROW,Пустая строка пропущена,,
759,SKIPPED_EMPTY_ROW,Пустая строка пропущена,,
760,SKIPPED_EMPTY_ROW,Пустая строка пропущена,,
761,SKIPPED_EMPTY_ROW,Пустая строка пропущена,,
762,SKIPPED_EMPTY_ROW,Пустая строка пропущена,,
763,SKIPPED_EMPTY_ROW,Пустая строка пропущена,,
764,SKIPPED_EMPTY_ROW,Пустая строка пропущена,,
765,SKIPPED_EMPTY_ROW,Пустая строка пропущена,,
766,SKIPPED_EMPTY_ROW,Пустая строка пропущена,,
767,SKIPPED_EMPTY_ROW,Пустая строка пропущена,,
768,SKIPPED_EMPTY_ROW,Пустая строка пропущена,,
769,SKIPPED_EMPTY_ROW,Пустая строка пропущена,,
770,SKIPPED_EMPTY_ROW,Пустая строка пропущена,,
771,SKIPPED_EMPTY_ROW,Пустая строка пропущена,,
772,SKIPPED_EMPTY_ROW,Пустая строка пропущена,,
773,SKIPPED_EMPTY_ROW,Пустая строка пропущена,,
774,SKIPPED_EMPTY_ROW,Пустая строка пропущена,,
775,SKIPPED_EMPTY_ROW,Пустая строка пропущена,,
776,SKIPPED_EMPTY_ROW,Пустая строка пропущена,,
777,SKIPPED_EMPTY_ROW,Пустая строка пропущена,,
778,SKIPPED_EMPTY_ROW,Пустая строка пропущена,,
779,SKIPPED_EMPTY_ROW,Пустая строка пропущена,,
780,SKIPPED_EMPTY_ROW,Пустая строка пропущена,,
781,SKIPPED_EMPTY_ROW,Пустая строка пропущена,,
782,SKIPPED_EMPTY_ROW,Пустая строка пропущена,,
783,SKIPPED_EMPTY_ROW,Пустая строка пропущена,,
784,SKIPPED_EMPTY_ROW,Пустая строка пропущена,,
785,SKIPPED_EMPTY_ROW,Пустая строка пропущена,,
786,SKIPPED_EMPTY_ROW,Пустая строка пропущена,,
787,SKIPPED_EMPTY_ROW,Пустая строка пропущена,,
788,SKIPPED_EMPTY_ROW,Пустая строка пропущена,,
789,SKIPPED_EMPTY_ROW,Пустая строка пропущена,,
790,SKIPPED_EMPTY_ROW,Пустая строка пропущена,,
791,SKIPPED_EMPTY_ROW,Пустая строка пропущена,,
792,SKIPPED_EMPTY_ROW,Пустая строка пропущена,,
793,SKIPPED_EMPTY_ROW,Пустая строка пропущена,,
794,SKIPPED_EMPTY_ROW,Пустая строка пропущена,,
795,SKIPPED_EMPTY_ROW,Пустая строка пропущена,,
796,SKIPPED_EMPTY_ROW,Пустая строка пропущена,,
797,SKIPPED_EMPTY_ROW,Пустая строка пропущена,,
798,SKIPPED_EMPTY_ROW,Пустая строка пропущена,,
799,SKIPPED_EMPTY_ROW,Пустая строка пропущена,,
800,SKIPPED_EMPTY_ROW,Пустая строка пропущена,,
801,SKIPPED_EMPTY_ROW,Пустая строка пропущена,,
802,SKIPPED_EMPTY_ROW,Пустая строка пропущена,,
803,SKIPPED_EMPTY_ROW,Пустая строка пропущена,,
804,SKIPPED_EMPTY_ROW,Пустая строка пропущена,,
805,SKIPPED_EMPTY_ROW,Пустая строка пропущена,,
806,SKIPPED_EMPTY_ROW,Пустая строка пропущена,,
807,SKIPPED_EMPTY_ROW,Пустая строка пропущена,,
808,SKIPPED_EMPTY_ROW,Пустая строка пропущена,,
809,SKIPPED_EMPTY_ROW,Пустая строка пропущена,,
810,SKIPPED_EMPTY_ROW,Пустая строка пропущена,,
811,SKIPPED_EMPTY_ROW,Пустая строка пропущена,,
812,SKIPPED_EMPTY_ROW,Пустая строка пропущена,,
813,SKIPPED_EMPTY_ROW,Пустая строка пропущена,,
814,SKIPPED_EMPTY_ROW,Пустая строка пропущена,,
815,SKIPPED_EMPTY_ROW,Пустая строка пропущена,,
816,SKIPPED_EMPTY_ROW,Пустая строка пропущена,,
817,SKIPPED_EMPTY_ROW,Пустая строка пропущена,,
818,SKIPPED_EMPTY_ROW,Пустая строка пропущена,,
819,SKIPPED_EMPTY_ROW,Пустая строка пропущена,,
820,SKIPPED_EMPTY_ROW,Пустая строка пропущена,,
821,SKIPPED_EMPTY_ROW,Пустая строка пропущена,,
822,SKIPPED_EMPTY_ROW,Пустая строка пропущена,,
823,SKIPPED_EMPTY_ROW,Пустая строка пропущена,,
824,SKIPPED_EMPTY_ROW,Пустая строка пропущена,,
825,SKIPPED_EMPTY_ROW,Пустая строка пропущена,,
826,SKIPPED_EMPTY_ROW,Пустая строка пропущена,,
827,SKIPPED_EMPTY_ROW,Пустая строка пропущена,,
828,SKIPPED_EMPTY_ROW,Пустая строка пропущена,,
829,SKIPPED_EMPTY_ROW,Пустая строка пропущена,,
830,SKIPPED_EMPTY_ROW,Пустая строка пропущена,,
831,SKIPPED_EMPTY_ROW,Пустая строка пропущена,,
832,SKIPPED_EMPTY_ROW,Пустая строка пропущена,,
833,SKIPPED_EMPTY_ROW,Пустая строка пропущена,,
834,SKIPPED_EMPTY_ROW,Пустая строка пропущена,,
835,SKIPPED_EMPTY_ROW,Пустая строка пропущена,,
836,SKIPPED_EMPTY_ROW,Пустая строка пропущена,,
837,SKIPPED_EMPTY_ROW,Пустая строка пропущена,,
838,SKIPPED_EMPTY_ROW,Пустая строка пропущена,,
839,SKIPPED_EMPTY_ROW,Пустая строка пропущена,,
840,SKIPPED_EMPTY_ROW,Пустая строка пропущена,,
841,SKIPPED_EMPTY_ROW,Пустая строка пропущена,,
842,SKIPPED_EMPTY_ROW,Пустая строка пропущена,,
843,SKIPPED_EMPTY_ROW,Пустая строка пропущена,,
844,SKIPPED_EMPTY_ROW,Пустая строка пропущена,,
845,SKIPPED_EMPTY_ROW,Пустая строка пропущена,,
846,SKIPPED_EMPTY_ROW,Пустая строка пропущена,,
847,SKIPPED_EMPTY_ROW,Пустая строка пропущена,,
848,SKIPPED_EMPTY_ROW,Пустая строка пропущена,,
849,SKIPPED_EMPTY_ROW,Пустая строка пропущена,,
850,SKIPPED_EMPTY_ROW,Пустая строка пропущена,,
851,SKIPPED_EMPTY_ROW,Пустая строка пропущена,,
852,SKIPPED_EMPTY_ROW,Пустая строка пропущена,,
853,SKIPPED_EMPTY_ROW,Пустая строка пропущена,,
854,SKIPPED_EMPTY_ROW,Пустая строка пропущена,,
855,SKIPPED_EMPTY_ROW,Пустая строка пропущена,,
856,SKIPPED_EMPTY_ROW,Пустая строка пропущена,,
857,SKIPPED_EMPTY_ROW,Пустая строка пропущена,,
858,SKIPPED_EMPTY_ROW,Пустая строка пропущена,,
859,SKIPPED_EMPTY_ROW,Пустая строка пропущена,,
860,SKIPPED_EMPTY_ROW,Пустая строка пропущена,,
861,SKIPPED_EMPTY_ROW,Пустая строка пропущена,,
862,SKIPPED_EMPTY_ROW,Пустая строка пропущена,,
863,SKIPPED_EMPTY_ROW,Пустая строка пропущена,,
864,SKIPPED_EMPTY_ROW,Пустая строка пропущена,,
865,SKIPPED_EMPTY_ROW,Пустая строка пропущена,,
866,SKIPPED_EMPTY_ROW,Пустая строка пропущена,,
867,SKIPPED_EMPTY_ROW,Пустая строка пропущена,,
868,SKIPPED_EMPTY_ROW,Пустая строка пропущена,,
869,SKIPPED_EMPTY_ROW,Пустая строка пропущена,,
870,SKIPPED_EMPTY_ROW,Пустая строка пропущена,,
871,SKIPPED_EMPTY_ROW,Пустая строка пропущена,,
872,SKIPPED_EMPTY_ROW,Пустая строка пропущена,,
873,SKIPPED_EMPTY_ROW,Пустая строка пропущена,,
874,SKIPPED_EMPTY_ROW,Пустая строка пропущена,,
